https://i.postimg.cc/yxw0SFD6/1001-T-62-Obr-1967-capt.jpg,2022-11-13
https://i.postimg.cc/fy6S2qj0/1010-2x-t62m-destr.jpg,2022-12-08
https://i.postimg.cc/wMqmL10f/1007-t62m-capt.jpg,2022-10-06
https://i.postimg.cc/YCYjXjLR/66988.png,2023-01-24
https://i.postimg.cc/MHchSZQ2/1030-t62m-capt.jpg,2022-10-09
https://i.postimg.cc/1X70dZDm/1039-t62m-capt.jpg,7072-10-11
https://i.postimg.cc/mkKvpRHm/1010-t62m-capt.jpg,2022-10-12
https://i.postimg.cc/4dB8SySp/1011-t62m-capt.jpg,2022-10-15
https://i.postimg.cc/TPRdPNxj/1003-t62m-capt.jpg,2022-10-28
https://i.postimg.cc/SNKbZnT3/1015_t62m_dam_capt.jpg,2022-11-15
https://i.postimg.cc/wMqYYM6t/1011-t62m-capt.jpg,2022-11-15
https://i.postimg.cc/3RSgKWBp/33211.png,2022-11-25
https://i.postimg.cc/jSpnvgMJ/1008-t62m-destr.jpg,2022-10-06
https://i.postimg.cc/LsC6DB9t/1004-t62mv-destr.jpg,2022-11-20
https://i.postimg.cc/MpCc949Z/T-62-MV-destroyed.png,2022-10-17
https://i.postimg.cc/Tws21jVg/1001-t62mv-capt.jpg,2022-10-19
https://i.postimg.cc/J074zcv2/1010-t62mv-capt.jpg,2022-10-21
https://i.postimg.cc/Y0dKr79d/1010-t62mv-capt.jpg,2022-11-15
https://i.postimg.cc/Tw0Bjx5w/768.jpg,2022-04-27
https://i.postimg.cc/3JVy55q6/d7.png,2022-04-28
https://i.postimg.cc/HnjRpt75/f2gh.jpg,2022-05-06
https://i.postimg.cc/t4vTP4WB/1001.jpg,2022-07-17
https://i.postimg.cc/rmv7hXSY/1000-t64bv.jpg,2022-08-09
https://i.postimg.cc/y6bmyjgM/1016-t64bv.jpg,2022-03-29
https://i.postimg.cc/8k7tNFWS/1000-t72b.jpg,2022-08-20
https://i.postimg.cc/brCYNNH4/46.jpg,2298-05-20
https://i.postimg.cc/RVPvm2Tw/1000-t64bv-capt.jpg,2022-10-22
https://i.postimg.cc/rwVpBPxz/1002-t64bv-destr.jpg,2022-10-02
https://i.postimg.cc/zBPksXf8/1000-t-72a.jpg,3702-03-11
https://i.postimg.cc/0jTSbC5M/1012.jpg,2022-07-24
https://i.postimg.cc/tTk2850K/1d4.jpg,2022-03-10
https://i.postimg.cc/nrvf8dH7/75.jpg,2022-04-25
https://i.postimg.cc/3RNv9FcH/5547.jpg,2022-04-26
https://i.postimg.cc/HLP22qvC/4880.png,2022-04-02
https://i.postimg.cc/YCF8cM3t/1002-t72b.jpg,2022-04-07
https://i.postimg.cc/kXhmxnxZ/g65.jpg,2022-03-31
https://i.postimg.cc/bwLgHcHD/d6.jpg,2022-04-02
https://i.postimg.cc/85VDbhxw/f46.jpg,2022-04-05
https://i.postimg.cc/xTF2ZrWX/32117.jpg,2022-04-05
https://i.postimg.cc/5y7ZDvKh/66.jpg,2022-04-05
https://i.postimg.cc/mDwxNKY2/677.jpg,2022-04-05
https://i.postimg.cc/fLDbXZk5/d5.jpg,2022-04-04
https://i.postimg.cc/pdtCR4Gz/1003-t72b.jpg,2022-04-17
https://i.postimg.cc/K8hV48Js/b3.jpg,2022-05-06
https://i.postimg.cc/rwFNQzDh/4f3.png,2022-05-08
https://i.postimg.cc/1R864rPm/66655.jpg,2022-05-29
https://i.postimg.cc/GtWpsVp3/1014.jpg,2022-07-08
https://i.postimg.cc/RCykfvLk/1005-t72b.jpg,2022-03-20
https://i.postimg.cc/rmfPfp1n/286.png,2022-03-09
https://i.postimg.cc/BnQK2Wcb/1001-t72b.jpg,2022-08-28
https://i.postimg.cc/yxxk4wMR/1007-t72b.jpg,2022-09-21
https://i.postimg.cc/SRPjyg4v/1008-t72b.jpg,2022-09-21
https://i.postimg.cc/hPn9K6Xn/1020-1x-t72b-2x-bmp1-1x-bmp2-destr.jpg,2022-10-07
https://i.postimg.cc/sxhDGBYd/1502-t72b-destr.jpg,2022-10-10
https://i.postimg.cc/KzX343B3/1022-t72b-destr.jpg,2022-02-26
https://i.postimg.cc/s2ChNzvv/1000-t72b-destr-24-10.jpg,2022-10-24
https://i.postimg.cc/DwgVGWdV/1009-t72b-destr.jpg,2022-11-18
https://i.postimg.cc/5091yjw5/1034.jpg,2022-07-04
https://i.postimg.cc/h4Tfc6FP/6523.png,2022-04-10
https://i.postimg.cc/7hvdbLzy/5422.jpg,2022-03-10
https://i.postimg.cc/KYj8D0H8/r3.jpg,2022-03-10
https://i.postimg.cc/2j7N340c/23f.jpg,2022-03-10
https://i.postimg.cc/fL1spx47/1001-t72b-capt.jpg,2022-10-14
https://i.postimg.cc/PfvWNfCr/c6.jpg,2022-03-15
https://i.postimg.cc/Ssrz1DC1/5g5.jpg,2022-04-01
https://i.postimg.cc/cHZwX5sc/438k.png,2022-04-01
https://i.postimg.cc/X77rqZ1S/g6.jpg,2022-04-03
https://i.postimg.cc/0QJfZdry/5770.png,2022-04-05
https://i.postimg.cc/br5s38s0/887.jpg,2022-04-05
https://i.postimg.cc/05hXSQ9J/443.jpg,2022-04-19
https://i.postimg.cc/NfgnqWvB/1012-t72b-16-Sep-2022-capt.jpg,2022-09-16
https://i.postimg.cc/TY3dqqM5/52.png,2022-03-06
https://i.postimg.cc/13gv8gsQ/g5mm.jpg,2022-03-06
https://i.postimg.cc/y8Cgm71v/366.png,2022-03-10
https://i.postimg.cc/L4LcxH8f/1018-t72b.jpg,2022-08-17
https://i.postimg.cc/xj50zPMP/4003-t72b.jpg,2022-09-09
https://i.postimg.cc/856PbNWN/1000.jpg,2022-09-16
https://i.postimg.cc/GmZRmMzH/1000-t72b.jpg,2022-09-17
https://i.postimg.cc/kX0QbyD7/1008-t72b-capt.jpg,2022-09-29
https://i.postimg.cc/W4xvnYDb/1010-t72b-capt-dam.jpg,2022-09-30
https://i.postimg.cc/0yb7VJxh/1003-t72b-capt.jpg,2022-10-06
https://i.postimg.cc/hPC980F9/1004-t72bcapt.jpg,2022-10-06
https://i.postimg.cc/MGCKHyk2/557.png,2022-04-07
https://i.postimg.cc/KvkQ7MkL/542f2.jpg,2022-04-02
https://i.postimg.cc/1zqHtqkm/3d3.jpg,2022-04-04
https://i.postimg.cc/bJYShwyX/1008-t72b1989.jpg,2022-08-14
https://i.postimg.cc/1z5H8wS3/1020-t72b1989.jpg,2022-05-13
https://i.postimg.cc/fTDpdnYs/1010-t72b1989.jpg,2022-08-31
https://i.postimg.cc/Twf33VDW/1009-t72b1989.jpg,2022-09-23
https://i.postimg.cc/sX6f34fy/1301-t72b1989-dam-aband.jpg,2023-03-05
https://i.postimg.cc/6qnFN46P/776.jpg,2022-04-01
https://i.postimg.cc/prDXwQ40/4002-t72b1989.jpg,2022-09-13
https://i.postimg.cc/wMkxsvDr/658.jpg,2022-04-16
https://i.postimg.cc/pX9C94y9/h6.jpg,2022-05-05
https://i.postimg.cc/htZVDZjm/1002.jpg,2022-07-15
https://i.postimg.cc/2Sr4scV3/1049-1x-destr-1x-aband-t72b-obr-2022-1x-unkn-t72-dam-aband-1x-bmp1-destr-2x-bmp2-destr.jpg,2003-10-20
https://i.postimg.cc/2Sr4scV3/1049-1x-destr-1x-aband-t72b-obr-2022-1x-unkn-t72-dam-aband-1x-bmp1-destr-2x-bmp2-destr.jpg,2003-10-20
https://i.postimg.cc/cLhH0NWj/1014-t72ba-destr.jpg,2022-10-08
https://i.postimg.cc/Dz08xgz6/d3n.jpg,2022-04-03
https://i.postimg.cc/9QPwbp4r/1022-t72ba-destr.jpg,2022-12-10
https://i.postimg.cc/bvKbbG1N/1003.jpg,2022-07-15
https://i.postimg.cc/YS6r5Rwf/1027-t72ba-capt.jpg,2022-10-09
https://i.postimg.cc/Qt65X9TS/f32.jpg,2022-04-01
https://i.postimg.cc/3rtkQs7z/1013-t72ba-dam-capt.jpg,2022-10-31
https://i.postimg.cc/WpCjQNyv/f433.jpg,2022-04-01
https://i.postimg.cc/y6gsmSzS/10-20-2022-destroyed-Belgorod.png,2022-10-20
https://i.postimg.cc/bNkLWqLp/1019-t72b3.jpg,2022-03-15
https://i.postimg.cc/4dN3cXLs/668.jpg,2022-04-04
https://i.postimg.cc/MTRV0WgH/68899.jpg,2022-04-11
https://i.postimg.cc/hjBxDk3d/b33.jpg,2022-04-09
https://i.postimg.cc/59CQfSy9/2004.jpg,2022-07-08
https://i.postimg.cc/dVx1SZv8/6539.png,2022-04-15
https://i.postimg.cc/zXH7mJPs/d3.jpg,2022-05-15
https://i.postimg.cc/KjRN8Fcg/763.jpg,2094-05-15
https://i.postimg.cc/Y26c3T4Q/k8o-GEw-Fr-jpg-large.jpg,2022-06-08
https://i.postimg.cc/Gm76tytp/Amx-HFk-If-png-medium.png,2022-06-09
https://i.postimg.cc/8kyRcpmB/tank.jpg,2022-04-03
https://i.postimg.cc/pT5RQXZt/1000.jpg,2022-04-26
https://i.postimg.cc/qRyBGz6W/1005-t72b3.png,2022-07-29
https://i.postimg.cc/tT8NxcCc/331.jpg,2022-04-26
https://i.postimg.cc/5NBDyF7J/1010-t72b1989.jpg,2022-09-02
https://i.postimg.cc/0j6pQt2H/1036-t72b3-destr.jpg,2022-11-13
https://i.postimg.cc/SNGmhGPD/1002-t72b3-destr.png,2022-09-30
https://i.postimg.cc/bwdWBHfG/1013-t72b3-destr.jpg,2022-09-30
https://i.postimg.cc/zvTBNmxH/1000-t72b3.jpg,2022-10-02
https://i.postimg.cc/mDgZwQnH/4489.png,2023-01-19
https://i.postimg.cc/YCF5mbpS/5583.png,2022-10-05
https://i.postimg.cc/ZK8msBw3/1002-t72b3-destr.jpg,2022-10-14
https://i.postimg.cc/gJt1tMfg/1036-T-72-B3-Kam-AZ-6x6-tanker-destr-3-11.jpg,2022-11-03
https://i.postimg.cc/Hxk0GWGm/1002-t72b3-destr.jpg,2022-11-13
https://i.postimg.cc/mgPtvSRw/1027-t72b3-destr.jpg,2022-12-05
https://i.postimg.cc/pdppMfSG/T-72-B3-destroyed.png,2022-11-10
https://i.postimg.cc/28Qkhd6p/1501-t72b3-destr-t72b-aband.jpg,2022-11-30
https://i.postimg.cc/PJWxVFgm/1004-t72b3-destr.jpg,2022-12-11
https://i.postimg.cc/VLw50mt4/1007-t72b3-destr.jpg,2022-12-13
https://i.postimg.cc/q7s3JVng/c7.jpg,2022-05-12
https://i.postimg.cc/52swFDRw/1008-t72b3-capt.jpg,2022-11-10
https://i.postimg.cc/q7gR9vL8/470.jpg,2022-03-31
https://i.postimg.cc/ncxJ2jmX/a1.jpg,2022-04-01
https://i.postimg.cc/t4ZV3QNj/1013-t72b3-capt.jpg,2022-10-06
https://i.postimg.cc/x15PFtgJ/tankk.png,2022-04-02
https://i.postimg.cc/R0Z46Kby/tt1.jpg,2022-04-05
https://i.postimg.cc/Z5csPstY/1001-t72b3-dam-capt.jpg,2022-11-09
https://i.postimg.cc/BngV8qTL/f6.jpg,2022-04-21
https://i.postimg.cc/bJ96bCFk/1019-t72b3-capt.jpg,2022-12-01
https://i.postimg.cc/HnfR93tH/d1d.jpg,2022-05-07
https://i.postimg.cc/JnQCHfnK/1036-t72b3-capt.jpg,2022-10-05
https://i.postimg.cc/jdCq0dnp/1003-t72b3-capt.jpg,2022-10-12
https://i.postimg.cc/SKtXyhrB/1009-t72b3.jpg,2022-09-07
https://i.postimg.cc/cJ7JnbbS/1002-t72b3.jpg,2022-09-09
https://i.postimg.cc/3RFfpFjq/1014-t72b3.jpg,2022-09-10
https://i.postimg.cc/15jxYFDN/1029-t72b3.jpg,2022-09-14
https://i.postimg.cc/Bb7bvPwP/1004-t72b3.jpg,2022-09-09
https://i.postimg.cc/ZnVRTqXc/1003-t72b3m-destr.jpg,2022-10-21
https://i.postimg.cc/TYQqS7HP/1023-t72b3m-destr.jpg,2022-10-31
https://i.postimg.cc/yx9rcK2s/g9.jpg,2022-03-09
https://i.postimg.cc/R0N4J5Np/546.jpg,2022-03-10
https://i.postimg.cc/fRbh1njW/547.jpg,2022-03-10
https://i.postimg.cc/VLVZRmS6/1008-t72b3-destr.jpg,2022-10-10
https://i.postimg.cc/x1mWcYN6/cf2.jpg,2022-03-27
https://i.postimg.cc/mg8BKtZV/t43.jpg,2022-04-02
https://i.postimg.cc/bwKy4Hrh/448.jpg,2022-04-25
https://i.postimg.cc/DZfW8666/652.jpg,2022-05-11
https://i.postimg.cc/jSmVN82H/7699.jpg,2022-05-12
https://i.postimg.cc/X7LSCCbC/1003.jpg,2022-07-22
https://i.postimg.cc/CMDk4NVc/1008-t72b3-2016.jpg,2022-07-30
https://i.postimg.cc/fy3BTKfJ/7768.png,2022-04-19
https://i.postimg.cc/KjX698xd/1000-t72b3-2016-x3.jpg,2022-08-16
https://i.postimg.cc/2jWsksnR/1001-t72b3m.jpg,2022-04-07
https://i.postimg.cc/Z59nFSSH/1501-t72b3m.jpg,2022-08-28
https://i.postimg.cc/fyh76sMR/1005-t72b3m.jpg,2022-08-31
https://i.postimg.cc/Mpjk3Ycs/u.png,2022-12-11
https://i.postimg.cc/bJk2Hh1M/1019-t72b3m-destr.jpg,2022-10-06
https://i.postimg.cc/66zm8dtC/1017-T-72-B3-M-destr.png,2022-10-10
https://i.postimg.cc/0NjPYn4D/1004-t72b3m-destr.jpg,2022-10-17
https://i.postimg.cc/qvx7wTGb/1500-t72b3m-destr.jpg,2022-04-09
https://i.postimg.cc/SNC3WxH5/6g.png,2022-04-13
https://i.postimg.cc/ydXZ0pTM/1005-t72b3-2016.jpg,2022-08-25
https://i.postimg.cc/W37zCQfh/439.png,2022-11-08
https://i.postimg.cc/jdfBfJPd/d10.jpg,2022-06-12
https://i.postimg.cc/d0LjtDt3/5555.png,2022-03-08
https://i.postimg.cc/RhbjnZTD/cf1.jpg,2022-03-27
https://i.postimg.cc/sgvr80pM/n9.jpg,2022-04-03
https://i.postimg.cc/QtRXGSfK/54.jpg,2022-04-08
https://i.postimg.cc/qMT69cW0/76.jpg,2022-04-21
https://i.postimg.cc/vBMRNW5R/3f.jpg,2022-05-08
https://i.postimg.cc/YqvL9p4F/323.png,2022-05-05
https://i.postimg.cc/xTRC7Jp2/1004-t72b3-2016.png,2022-07-29
https://i.postimg.cc/xj6P8Lhw/1033-t72b3m-capt.jpg,2022-10-11
https://i.postimg.cc/c1c0T6DQ/1023-t72n3m.jpg,2022-09-14
https://i.postimg.cc/SxxSvW8Z/1004-t72b3.jpg,2022-09-17
https://i.postimg.cc/pT8JzRtd/1006-t72b3-2016.jpg,2022-09-09
https://i.postimg.cc/cJHYN7ns/329.png,2022-08-22
https://i.postimg.cc/QMqhWFNV/1002-t72b3m.jpg,2022-09-24
https://i.postimg.cc/YCHDC99m/1001-t72b3m.jpg,2022-09-28
https://i.postimg.cc/bNJc382x/1009-t72b3m-capt.jpg,2022-10-04
https://i.postimg.cc/BZNfTttZ/1010-t72b3m-capt.jpg,2022-10-04
https://i.postimg.cc/76vHtWDq/1011-t72b3m-capt.jpg,2022-10-05
https://i.postimg.cc/CLkGNt8y/1017-t72b3-2016.jpg,2022-10-06
https://i.postimg.cc/C5D0gzY3/1042-t72b3m-capt.jpg,2022-10-14
https://i.postimg.cc/x192wfZZ/1063-t72b3m-capt.jpg,2022-10-14
https://i.postimg.cc/dQNHR7dY/1006-t72b3m-capt.png,2022-10-15
https://i.postimg.cc/t4Yp4Drw/1005-t72b3m-capt.jpg,2022-10-22
https://i.postimg.cc/HnHqRR38/1007-t72b3m-dam-capt.jpg,2022-10-23
https://i.postimg.cc/mDCBHVfr/1013-t72b3.png,2022-09-17
https://i.postimg.cc/Vv3pmJsM/1029-t72b3m-capt-4-11.jpg,2022-11-04
https://i.postimg.cc/vTKf8ZHF/1005-t72b3m-capt.jpg,2022-11-16
https://i.postimg.cc/8P4cdYF5/1004-T-72-B3-Obr2016-capt.jpg,2022-12-28
https://i.postimg.cc/GtfzMV1j/3776.jpg,2022-05-12
https://i.postimg.cc/cLg02zbz/7663.jpg,2022-06-01
https://i.postimg.cc/KjX698xd/1000-t72b3-2016-x3.jpg,2022-08-16
https://i.postimg.cc/8zSNkws4/1030-unkn-tank-aband.jpg,2022-10-05
https://i.postimg.cc/rFQR8BVG/689.png,2022-04-05
https://i.postimg.cc/tJG3GrcD/t4.png,2022-09-22
https://i.postimg.cc/2SGjFQ4b/665.jpg,2022-06-14
https://i.postimg.cc/1zv5f6Tg/1005.jpg,2022-07-07
https://i.postimg.cc/yxxfWpjK/6hp.png,2022-12-14
https://i.postimg.cc/K8WGNKcq/1002-t80bv.jpg,2022-09-03
https://i.postimg.cc/hjBbwHmB/1013-t80bv.jpg,2022-09-13
https://i.postimg.cc/TYwjZjKp/1003-unkn-t80.jpg,2022-09-13
https://i.postimg.cc/XvQhBBK6/1034-t80bv-destr.jpg,2022-10-09
https://i.postimg.cc/rshn7LQf/1006-t80bv-destr.jpg,2022-10-10
https://i.postimg.cc/6q4YFRmV/1010-t80bv-destr.jpg,2022-10-26
https://i.postimg.cc/ZRnJ89CC/1001-t80bv-destr.jpg,2022-10-28
https://i.postimg.cc/QdxytfkB/1010-t80bv-destr.jpg,2022-11-27
https://i.postimg.cc/j2RgnKgg/1003-t80bv-destr.jpg,2022-11-28
https://i.postimg.cc/GtvS0FPG/1011-bmp3-destr.jpg,2022-11-11
https://i.postimg.cc/VvwM0wYZ/1300-t80bv-destr.jpg,2023-07-15
https://i.postimg.cc/2857gx7R/1019-t80bv-dam-aband.jpg,2024-12-05
https://i.postimg.cc/ydxcLGC0/68.png,2022-03-14
https://i.postimg.cc/vZft2pYF/1010.jpg,2022-04-22
https://i.postimg.cc/25SzW9Xv/6h.jpg,2022-04-12
https://i.postimg.cc/28NZTGvw/4449.png,2022-04-11
https://i.postimg.cc/m25sg2hc/37.jpg,2022-05-10
https://i.postimg.cc/TPp0Q1mb/f5.jpg,2022-06-02
https://i.postimg.cc/7LddjXTx/1014-t80bv.jpg,2022-09-27
https://i.postimg.cc/Qx5nD5X3/1002-t80bv.jpg,2022-09-28
https://i.postimg.cc/Y0XcMDTL/1008-t80bv-capt.jpg,2022-10-04
https://i.postimg.cc/dtynW8Rc/1031-t80bv-capt.jpg,2022-10-05
https://i.postimg.cc/qq9wJRTF/1032-t80bv-capt.jpg,2022-10-05
https://i.postimg.cc/tJMp3mhy/1025-t80bv-capt.jpg,2022-10-09
https://i.postimg.cc/1RDMdsTh/1013-t80bv-capt.jpg,2022-10-20
https://i.postimg.cc/3NwPRsSL/1012-t80bv-capt.jpg,2022-10-25
https://i.postimg.cc/CKJP8w88/1021-t80bv-capt.jpg,2022-10-26
https://i.postimg.cc/26pW1mc1/1500-T-80-BV-damaged-1-captured.jpg,2032-09-17
https://i.postimg.cc/BZk9cbpc/1006-t80bv-capt.jpg,2022-11-22
https://i.postimg.cc/4NLY20Cy/1010-t80bv-capt.jpg,9022-12-04
https://i.postimg.cc/tRFL7Tj8/h7.jpg,2022-03-03
https://i.postimg.cc/RVRrnQvV/4322.jpg,2022-04-02
https://i.postimg.cc/QxhMbJ3V/a1.png,2022-03-17
https://i.postimg.cc/PfWyPFy0/465.jpg,2022-04-23
https://i.postimg.cc/MGTLkhhC/655.jpg,2022-04-12
https://i.postimg.cc/1R0kpm9c/488.jpg,2022-04-28
https://i.postimg.cc/rpxkmFWx/1010-t80u.jpg,2022-08-11
