https://i.postimg.cc/dV3Dkbgw/b8.png,05 0} 22 Khertiv Sutr rpute Stry
https://i.postimg.cc/tJKfr2qn/Ural88.png,2743/2022
https://postimg.cc/jLhDtfSK,Not an image URL
https://i.postimg.cc/ryh7NYTH/1037-kamaz-4x4-destr.jpg,"13.11,2022"
https://i.postimg.cc/9F0R8bxW/1026-AS-4350-medical-vehicle-destr.jpg,1
https://i.postimg.cc/Bvh7ygDj/kamazzz.png,27/312022 Ao
https://postimg.cc/G9KswLMf,Not an image URL
https://i.postimg.cc/26rzdvFN/m8.png,
https://postimg.cc/PvG7gwYj,Not an image URL
https://i.postimg.cc/dV3Dkbgw/b8.png,05 0} 22 Khertiv Sutr rpute Stry
https://i.postimg.cc/tJKfr2qn/Ural88.png,2743/2022
https://postimg.cc/jLhDtfSK,Not an image URL
https://i.postimg.cc/ryh7NYTH/1037-kamaz-4x4-destr.jpg,"13.11,2022"
https://i.postimg.cc/9F0R8bxW/1026-AS-4350-medical-vehicle-destr.jpg,1
https://i.postimg.cc/Bvh7ygDj/kamazzz.png,27/312022 Ao
https://postimg.cc/G9KswLMf,Not an image URL
https://i.postimg.cc/26rzdvFN/m8.png,
https://postimg.cc/PvG7gwYj,Not an image URL
https://postimg.cc/5QNwkNv8,Not an image URL
https://i.postimg.cc/dVZtMRWY/4456.png,28/0212022
https://i.postimg.cc/wTzhKtz0/1001.jpg,S82_ 412/0442022 = Makarv: Kytv @blasi
https://i.postimg.cc/59mbsryH/kamaz1.jpg,04-04-2022
https://i.postimg.cc/BnzBjwqS/554.png,27.02.22 Chupakhivka
https://i.postimg.cc/qqpLGvdP/1200.png,MX 16 Crco' Ra Mco Ta
https://i.postimg.cc/FsXhTL90/f57.png,2151/2022
https://i.postimg.cc/dVqzhjfY/v9.jpg,"05.03.22 Kharkiv-Staryi Saltrv route '75, 0.17/1.2 d Aayr;"
https://i.postimg.cc/1zpGWfc9/3f.jpg,"'19,03.2022"""
https://i.postimg.cc/QM7D7PNJ/1100.jpg,
https://i.postimg.cc/GtBvYxQp/763.jpg,"2[' [} 2[},"
https://i.postimg.cc/Xqcj4KGn/1014-kamaz6x6-destr.jpg,OX
https://i.postimg.cc/DzHSRSvZ/c7.png,761312022
https://i.postimg.cc/QCWFRHVQ/d5.jpg,27 03 2p2z
https://i.postimg.cc/DzHJn4Sp/56.png,27/1312022
https://i.postimg.cc/02CDvrcV/3kamax.jpg,Pllv 1/17]
https://i.postimg.cc/C1DsjfnM/1201.jpg,A41 AnTOnSv
https://postimg.cc/VJXsDdKJ,Not an image URL
https://postimg.cc/D89yrqPV,Not an image URL
https://i.postimg.cc/k5T7VFpB/1057-Kam-AZ-6x6.jpg,A41 AnTOnSv
https://postimg.cc/YhWtCvKd,Not an image URL
https://postimg.cc/VSyrkxVC,Not an image URL
https://postimg.cc/0rNQP5y4,Not an image URL
https://postimg.cc/vx1b9B1H,Not an image URL
https://postimg.cc/14T9SpTg,Not an image URL
https://postimg.cc/kDDnLjj3,Not an image URL
https://postimg.cc/181snyys,Not an image URL
https://postimg.cc/bGzPgLG5,Not an image URL
https://postimg.cc/0zGx7hNm,Not an image URL
https://postimg.cc/gXjWFJHq,Not an image URL
https://i.postimg.cc/fTCVptXD/10-24-2022-Kamaz-6x6-destroyed-2-Velyka-Oleksandrivka.png,
https://postimg.cc/HVtwJkgC,Not an image URL
https://postimg.cc/Y4TYc41Q,Not an image URL
https://i.postimg.cc/dV3Dkbgw/b8.png,05 0} 22 Khertiv Sutr rpute Stry
https://i.postimg.cc/tJKfr2qn/Ural88.png,2743/2022
https://postimg.cc/jLhDtfSK,Not an image URL
https://i.postimg.cc/ryh7NYTH/1037-kamaz-4x4-destr.jpg,"13.11,2022"
https://i.postimg.cc/9F0R8bxW/1026-AS-4350-medical-vehicle-destr.jpg,1
https://i.postimg.cc/Bvh7ygDj/kamazzz.png,27/312022 Ao
https://postimg.cc/G9KswLMf,Not an image URL
https://i.postimg.cc/26rzdvFN/m8.png,
https://postimg.cc/PvG7gwYj,Not an image URL
https://postimg.cc/5QNwkNv8,Not an image URL
https://i.postimg.cc/dV3Dkbgw/b8.png,05 0} 22 Khertiv Sutr rpute Stry
https://i.postimg.cc/tJKfr2qn/Ural88.png,2743/2022
https://postimg.cc/jLhDtfSK,Not an image URL
https://i.postimg.cc/ryh7NYTH/1037-kamaz-4x4-destr.jpg,"13.11,2022"
https://i.postimg.cc/9F0R8bxW/1026-AS-4350-medical-vehicle-destr.jpg,1
https://i.postimg.cc/Bvh7ygDj/kamazzz.png,27/312022 Ao
https://postimg.cc/G9KswLMf,Not an image URL
https://i.postimg.cc/26rzdvFN/m8.png,
https://postimg.cc/PvG7gwYj,Not an image URL
https://postimg.cc/5QNwkNv8,Not an image URL
https://i.postimg.cc/dV3Dkbgw/b8.png,05 0} 22 Khertiv Sutr rpute Stry
https://i.postimg.cc/tJKfr2qn/Ural88.png,2743/2022
https://postimg.cc/jLhDtfSK,Not an image URL
https://i.postimg.cc/ryh7NYTH/1037-kamaz-4x4-destr.jpg,"13.11,2022"
https://i.postimg.cc/9F0R8bxW/1026-AS-4350-medical-vehicle-destr.jpg,1
https://i.postimg.cc/Bvh7ygDj/kamazzz.png,27/312022 Ao
https://postimg.cc/G9KswLMf,Not an image URL
https://i.postimg.cc/26rzdvFN/m8.png,
https://postimg.cc/PvG7gwYj,Not an image URL
https://postimg.cc/5QNwkNv8,Not an image URL
https://i.postimg.cc/dV3Dkbgw/b8.png,05 0} 22 Khertiv Sutr rpute Stry
https://i.postimg.cc/tJKfr2qn/Ural88.png,2743/2022
https://postimg.cc/jLhDtfSK,Not an image URL
https://i.postimg.cc/ryh7NYTH/1037-kamaz-4x4-destr.jpg,"13.11,2022"
https://i.postimg.cc/9F0R8bxW/1026-AS-4350-medical-vehicle-destr.jpg,1
https://i.postimg.cc/Bvh7ygDj/kamazzz.png,27/312022 Ao
https://postimg.cc/G9KswLMf,Not an image URL
https://i.postimg.cc/26rzdvFN/m8.png,
https://postimg.cc/PvG7gwYj,Not an image URL
https://postimg.cc/5QNwkNv8,Not an image URL
https://i.postimg.cc/dV3Dkbgw/b8.png,"bad character range /-, at position 11"
https://i.postimg.cc/tJKfr2qn/Ural88.png,"bad character range /-, at position 11"
https://postimg.cc/jLhDtfSK,Not an image URL
https://i.postimg.cc/ryh7NYTH/1037-kamaz-4x4-destr.jpg,"bad character range /-, at position 11"
https://i.postimg.cc/9F0R8bxW/1026-AS-4350-medical-vehicle-destr.jpg,"bad character range /-, at position 11"
https://i.postimg.cc/Bvh7ygDj/kamazzz.png,"bad character range /-, at position 11"
https://postimg.cc/G9KswLMf,Not an image URL
https://i.postimg.cc/26rzdvFN/m8.png,"bad character range /-, at position 11"
https://postimg.cc/PvG7gwYj,Not an image URL
https://postimg.cc/5QNwkNv8,Not an image URL
https://i.postimg.cc/dV3Dkbgw/b8.png,05 0} 22 Khertiv Sutr rpute Stry
https://i.postimg.cc/tJKfr2qn/Ural88.png,2743/2022
https://postimg.cc/jLhDtfSK,Not an image URL
https://i.postimg.cc/9F0R8bxW/1026-AS-4350-medical-vehicle-destr.jpg,1
https://i.postimg.cc/Bvh7ygDj/kamazzz.png,27/312022 Ao
https://postimg.cc/G9KswLMf,Not an image URL
https://i.postimg.cc/26rzdvFN/m8.png,
https://postimg.cc/PvG7gwYj,Not an image URL
https://postimg.cc/5QNwkNv8,Not an image URL
https://i.postimg.cc/dV3Dkbgw/b8.png,05 0} 22 Khertiv Sutr rpute Stry
https://i.postimg.cc/tJKfr2qn/Ural88.png,2743/2022
https://postimg.cc/jLhDtfSK,Not an image URL
https://i.postimg.cc/9F0R8bxW/1026-AS-4350-medical-vehicle-destr.jpg,1
https://i.postimg.cc/Bvh7ygDj/kamazzz.png,27/312022 Ao
https://postimg.cc/G9KswLMf,Not an image URL
https://i.postimg.cc/26rzdvFN/m8.png,
https://postimg.cc/PvG7gwYj,Not an image URL
https://postimg.cc/5QNwkNv8,Not an image URL
https://i.postimg.cc/dVZtMRWY/4456.png,28/0212022
https://i.postimg.cc/wTzhKtz0/1001.jpg,S82_ 412/0442022 = Makarv: Kytv @blasi
https://i.postimg.cc/qqpLGvdP/1200.png,MX 16 Crco' Ra Mco Ta
https://i.postimg.cc/FsXhTL90/f57.png,2151/2022
https://i.postimg.cc/QM7D7PNJ/1100.jpg,
https://i.postimg.cc/GtBvYxQp/763.jpg,"2[' [} 2[},"
https://i.postimg.cc/Xqcj4KGn/1014-kamaz6x6-destr.jpg,OX
https://i.postimg.cc/DzHSRSvZ/c7.png,761312022
https://i.postimg.cc/QCWFRHVQ/d5.jpg,27 03 2p2z
https://i.postimg.cc/DzHJn4Sp/56.png,27/1312022
https://i.postimg.cc/02CDvrcV/3kamax.jpg,Pllv 1/17]
https://i.postimg.cc/C1DsjfnM/1201.jpg,A41 AnTOnSv
https://postimg.cc/VJXsDdKJ,Not an image URL
https://postimg.cc/D89yrqPV,Not an image URL
https://i.postimg.cc/k5T7VFpB/1057-Kam-AZ-6x6.jpg,A41 AnTOnSv
https://postimg.cc/YhWtCvKd,Not an image URL
https://postimg.cc/VSyrkxVC,Not an image URL
https://postimg.cc/0rNQP5y4,Not an image URL
https://postimg.cc/vx1b9B1H,Not an image URL
https://postimg.cc/14T9SpTg,Not an image URL
https://postimg.cc/kDDnLjj3,Not an image URL
https://postimg.cc/181snyys,Not an image URL
https://postimg.cc/bGzPgLG5,Not an image URL
https://postimg.cc/0zGx7hNm,Not an image URL
https://postimg.cc/gXjWFJHq,Not an image URL
https://i.postimg.cc/fTCVptXD/10-24-2022-Kamaz-6x6-destroyed-2-Velyka-Oleksandrivka.png,
https://postimg.cc/HVtwJkgC,Not an image URL
https://postimg.cc/Y4TYc41Q,Not an image URL
https://postimg.cc/D4rqP24L,Not an image URL
https://postimg.cc/tZh1LBRH,Not an image URL
https://postimg.cc/pmGKZcrG,Not an image URL
https://i.postimg.cc/nrdHQgJ2/1006-kamaz6x6-destr.jpg,vozaxz 0002
https://postimg.cc/rR4KSgbH,Not an image URL
https://postimg.cc/GH0BcwTn,Not an image URL
https://i.postimg.cc/5jWJcP6k/1062-Kam-AZ-6x6.jpg,Host Ukraine NEWS 091044 OLIORDITI Miiu ueraime SUES-R3;
https://i.postimg.cc/SNNRN7hV/1001-kamaz6x6-destr.jpg,"10,2022"
https://i.postimg.cc/yN3PXczL/kkaamaaz.png,
https://i.postimg.cc/xC5nhN8y/1003-kamaz6x6-destr.jpg,2910.2022
https://postimg.cc/njhmQ6vc,Not an image URL
https://i.postimg.cc/FKXPQPBj/Y1ivk-XYV-jpg-medium.jpg,
https://postimg.cc/2bGfwhkH,Not an image URL
https://postimg.cc/N58TZLJJ,Not an image URL
https://i.postimg.cc/mk12C0qG/1010-truck.jpg,
https://i.postimg.cc/tJmvt3ms/1015-Kamaz-6x6.png,wtat'8 there?
https://i.postimg.cc/KcTcNRMS/1106-kamaz.jpg,413/0442022 Nove ZallissyayKyiv @blast {mzv
https://i.postimg.cc/90JR7HXK/1041.jpg,
https://i.postimg.cc/J7qBgZ3x/1043.jpg,
https://i.postimg.cc/wxysp71h/1063-Kam-AZ-6x6.jpg,aine NEWS AuI Witn Irlinf 0910442022 SUBSERi3;
https://i.postimg.cc/sfkGDsWb/1067-Kam-AZ-6x6.jpg,410412022 HostomelAirpont . movav
https://i.postimg.cc/k4kG4v2W/1069-Kam-AZ-6x6.jpg,"BOPOTA Y CTOHLIO: Foctontenbnena qppamtio Maponepib Ano proctomenb KMibctKAoen: 17:32 1300442022 BOPOTA"" Y CTOJMLKO Hostomel Airpont; BInbWE 100 NKOAEM, TIMA 31 CIIAAMM KATYBAHB rOnoBA OBA IF 122 / 2 63"
https://i.postimg.cc/fRGBYqnh/1104-kamaz.jpg,Kl Ma poncian RCTOkapcepnholpyny: orera Pycchatalia {05 0JZZZAbpoobnet 051042022 Kepyho Kyuoblasd
https://i.postimg.cc/1XGmzhhZ/1073-Kam-AZ-6x6.jpg,Mon^YAWqgenepb Aaner Hbirpyat 223 'Kv Oblasc
https://i.postimg.cc/d3YFpH7N/1074-Kam-AZ-6x6.jpg,Moz AlEJ FAvgpu CJeTAEZ [IEE 2310 1202 #KYiV Oblast
https://i.postimg.cc/m2SZfsyY/1077-Kam-AZ-6x6.jpg,Oeburkmc Myths VOv Paratfoopet$ in Hostorne { bihus 2510512022 Hostomel Aipont
https://postimg.cc/6ym4D2Vz,Not an image URL
https://i.postimg.cc/TYKMjDpy/1146-Kam-AZ-6x6.jpg,OBOPOHA YKPAiHM HarAdbaioci EBNTKA
https://i.postimg.cc/wBBTc2h0/1107-kamaz-3x.jpg,23/0312022 Mykulychiu Oblas Kyive
https://i.postimg.cc/02NWvJdh/1113-kamaz.jpg,"70 EP(0f nq Enicote ""p.Icofc 2910412022 TktoK Mykulychi RYIOblasd Tod"
https://i.postimg.cc/26f9Nc2x/1114-kamaz.jpg,"0J,IC { * 2910412022 Mykulychi KyiOblasd"
https://i.postimg.cc/PrF65rSJ/1117-kamaz.jpg,"D.1( 0412022 Mykulychi, Kyiv Oblast"
https://i.postimg.cc/T3LtLMs9/1118-kamaz.jpg,"No ""piotc 29/0412022 kulychi; Kyiv Oblast"
https://i.postimg.cc/J4BXjr1G/1120-kamaz.jpg,10800412022 Here's their weaponry having been burnt by our Armed Forces:
https://i.postimg.cc/j55w2Kgq/1123-kamaz.jpg,0810412022 Mykulychi KyWOblasd
https://i.postimg.cc/c6qrF3s6/1126-kamaz.jpg,08/0412022 Mykulychi Kyiv Oblas
https://i.postimg.cc/Hs52d48Z/1127-kamaz.jpg,08/0412022 Mykulych KylvOblast
https://i.postimg.cc/bw7qvNth/1000-kamaz6x6-2x.jpg,23_
https://i.postimg.cc/yxw7kZZj/1007-kamaz-6x6.jpg,
https://i.postimg.cc/BZLhyYkj/1006-kamaz-6x6.jpg,729/05/2022 Kyiv Oblast
https://i.postimg.cc/CMZMZH51/1003-unkn-truck.jpg,
https://i.postimg.cc/rsCQ5BMk/1033-kamaz-6x6.jpg,Regic
https://i.postimg.cc/tJSD3wTB/1020-kamaz-6x6-destr.jpg,3009.2022
https://i.postimg.cc/RhTWsbyt/1010-kamaz-6x6-destr.jpg,QUBAEAH ## bttosuit molplvaaniuuaorml 7
https://i.postimg.cc/D0BVrDQz/1026-kamaz-6x6-destr.jpg,14.10x-022
https://i.postimg.cc/6QP0zDHK/1005-kamaz6x6x-destr.jpg,Hobonerpibka
